affiliation,ror_id,predicted_ror_id,prediction_score,match_type,fallback_queries
Microsoft,https://ror.org/00d0nc645,https://ror.org/001dd4s60,1.0,crf_fallback,Microsoft
Complutense University of Madrid,https://ror.org/02p0gd045,https://ror.org/02p0gd045,1.0,marple,
Kumabou Metal Co,,,,no_match,Kumabou Metal Co
Laboratoire Atmosphères,https://ror.org/05ppf7q77,https://ror.org/04cr3xz70,0.5816671416666667,marple,
School of Electronics and Information Engineering Xian Jiaotong University,https://ror.org/017zhmm22,https://ror.org/017zhmm22,1.0,marple,
Maternal and Child Health Care of Shandong Province,,,,no_match,Maternal and Child Health Care of Shandong Province
National Key R&D Program of China,,,,no_match,National Key R & D Program of China
China Mobile  Hangzhou  Information Technology Co,https://ror.org/05gftfe97,,,no_match,China Mobile Hangzhou Information Technology Co
City College of the City University of New York,https://ror.org/00453a208,https://ror.org/00453a208,1.0,marple,
Department Of Molecular And Comparative Pathobiology - Johns Hopkins University,https://ror.org/00za53h95,https://ror.org/00za53h95,1.0,marple,
Harvard University T H Chan School Of Public Health,https://ror.org/03vek6s52,https://ror.org/03vek6s52,1.0,marple,
"Español de Oceanografía (IEO, CSIC), Centro Oceanográfico de Baleares (COB), Ecosystem Oceanography Group (GRECO). Moll de Ponet s/n, 07190 Palma, Balearic Islands, Spain.",https://ror.org/00f3x4340,,,no_match,"Español de Oceanografía ( IEO, Spain.; CSIC ), Spain.; Centro Oceanográfico de Baleares ( COB ), Spain.; Ecosystem Oceanography Group ( GRECO ). Moll de Ponet s / n, Spain."
"Icahn School of Medicine at Mount Sinai, United States",https://ror.org/04a9tmd77,https://ror.org/04a9tmd77,1.0,marple,
Università degli Studi dell'Insubria; European Commission JRC,https://ror.org/00s409261; https://ror.org/00k4n6c32,https://ror.org/00s409261,1.0,marple,
China Academy of Aerospace Science and Innovation,,,,no_match,China Academy of Aerospace Science and Innovation
Accelink Technologies Co Ltd,,,,no_match,Accelink Technologies Co Ltd
Shanghai XunTai Quantech Co,,,,no_match,Shanghai XunTai Quantech Co
Hanyang University,https://ror.org/046865y68,https://ror.org/046865y68,1.0,marple,
Huazhong Normal University,https://ror.org/03x1jna21,https://ror.org/03x1jna21,1.0,marple,
Helios University Clinic Wuppertal,https://ror.org/02r8sh830,,,no_match,Helios University Clinic Wuppertal
Octave Photonics,,,,no_match,Octave Photonics
Beijing Aerospace Xinghua Technology Co,,,,no_match,Beijing Aerospace Xinghua Technology Co
Key Laboratory of Photoelectronic Imaging Technology and System  Beijing Institute of Technology,https://ror.org/01skt4w74,https://ror.org/01skt4w74,1.0,marple,
China Russian Belt and Road Joint Laboratory on Laser Science,,,,no_match,China Russian Belt and Road Joint Laboratory on Laser Science
Xian Key Laboratory of Optical Information Manipulation and Augmentation,,,,no_match,Xian Key Laboratory of Optical Information Manipulation and Augmentation
Aerospace Research Institute  Ministry of Science,,https://ror.org/023ktd084,1.0,marple,
"F2RSM psy-fédération régionale de recherche en psychiatrie et santé mentale Hauts-de-France, Saint-André-Lez-Lille, France; Univ Lille, faculté ingénierie et management de la santé, 59000 Lille, France.",https://ror.org/02kzqn938,,,no_match,"F 2 RSM psy - fédération régionale de recherche en psychiatrie et santé mentale Hauts - de - France, France.; France ; Univ Lille, France.; faculté ingénierie et management de la santé, France."
Research Center for Photonics,,,,no_match,Research Center for Photonics
Staatliche Akademie der Bildenden Künste Stuttgart,https://ror.org/00zayq578,https://ror.org/00zayq578,1.0,marple,
NanoPhoton   Center for Nanophotonics,,,,no_match,NanoPhoton Center for Nanophotonics
ÚNKP,,,,no_match,ÚNKP
Pacific Ecoinformatics and Computational Ecology Lab,,,,no_match,Pacific Ecoinformatics and Computational Ecology Lab
Meteorological Bureau of Pingtan Comprehensive Experimental Area,,,,no_match,Meteorological Bureau of Pingtan Comprehensive Experimental Area
CORIA UMR 6614   Normandie Université CNRS Université et INSA de Rouen Campus Universitaire du Madrillet 76800,https://ror.org/020ws7586; https://ror.org/01k40cz91; https://ror.org/00x9ewr78,https://ror.org/01k40cz91,1.0,marple,
GATX Corporation Vanuatu,,,,no_match,GATX Corporation Vanuatu
University Malaysia Perlis,https://ror.org/00xmkb790,https://ror.org/00xmkb790,1.0,marple,
Linkoping University,https://ror.org/05ynxx418,https://ror.org/05ynxx418,1.0,marple,
Zhejiang Institute of Surveying and Mapping Science and Technology,,https://ror.org/02sr2ee22,1.0,marple,
University of Naples Federico II,https://ror.org/05290cv24,https://ror.org/05290cv24,1.0,marple,
Instituto de Estudos AvançadosIEAv,,,,no_match,Instituto de Estudos AvançadosIEAv
Current addressMems AG,,,,no_match,Current addressMems AG
Visual Optics and Biophotonics Lab,,,,no_match,Visual Optics and Biophotonics Lab
NTO IRE Polus,,,,no_match,NTO IRE Polus
Research Center for Optical Fiber Sensing,,,,no_match,Research Center for Optical Fiber Sensing
Warren Alpert Medical School of Brown University,https://ror.org/05gq02987,https://ror.org/05gq02987,1.0,marple,
university of wisconsin madison,https://ror.org/01y2jtd41,https://ror.org/01y2jtd41,1.0,marple,
Ecole Centrale School of Engineering—Mahindra University,https://ror.org/05751b994,https://ror.org/05751b994,1.0,marple,
University of Galway,https://ror.org/03bea9k73,https://ror.org/03bea9k73,1.0,marple,
Seoul National University (SNU),https://ror.org/04h9pn542,https://ror.org/04h9pn542,1.0,marple,
Currently atNational Institute of Aerospace,https://ror.org/00fadxs59,https://ror.org/00fadxs59,1.0,marple,
Minist Natl Def MND,,,,no_match,Minist Natl Def MND
Instituto Federal de Pernambuco (IFPE),https://ror.org/02y7zaj23,https://ror.org/02y7zaj23,1.0,marple,
Taraz Metrology Ltd,,,,no_match,Taraz Metrology Ltd
TEI of West Macedonia - Kozani,https://ror.org/05yk4sz92,,,no_match,TEI of West Macedonia - Kozani
Ultra High Speed Communication Laboratory,,,,no_match,Ultra High Speed Communication Laboratory
"2 Department of Building Physics and Renewable Energy, Kielce University of Technology, Aleja Tysiąclecia Państwa Polskiego, 7, 25-314 Kielce, Poland; apavlenko@tu.kielce.pl (A.P.)",https://ror.org/01zywja13,https://ror.org/01zywja13,1.0,marple,
China University of Geosciences (Wuhan),https://ror.org/04gcegc37,https://ror.org/04gcegc37,1.0,marple,
St Ann University Hospital,,,,no_match,St Ann University Hospital
Istituto per la Sintesi Organica e la Fotoreattività,https://ror.org/021z1mz76,,,no_match,Istituto per la Sintesi Organica e la Fotoreattività
Scientific Centre for Family Health & Human Reproduction Problems,https://ror.org/027n02r78,https://ror.org/027n02r78,0.93,crf_fallback,Scientific Centre for Family Health & Human Reproduction Problems
Sanan Optoelectronics Co Ltd,,,,no_match,Sanan Optoelectronics Co Ltd
the R&D Program of Beijing Municipal Education Commission,https://ror.org/04bpn6s66,https://ror.org/04bpn6s66,1.0,marple,
Φ lab,,,,no_match,Φ lab
"Vietnam National University, Hanoi",https://ror.org/02jmfj006,https://ror.org/02jmfj006,1.0,marple,
"Barnard College, Columbia University",https://ror.org/04rt94r53; https://ror.org/00hj8s172,https://ror.org/00hj8s172,1.0,marple,
Polytechnic of Porto  School of Engineering  ISEP,https://ror.org/04988re48,,,no_match,Polytechnic of Porto School of Engineering ISEP
LSU Health Sciences Center-Shreveport,https://ror.org/03151rh82,,,no_match,LSU Health Sciences Center - Shreveport
Quantum Metrology and Nano Technologies Division,,,,no_match,Quantum Metrology and Nano Technologies Division
"National Centre for Atmospheric Science, Departmen",https://ror.org/01wwwe276,https://ror.org/01wwwe276,1.0,marple,
Yongjiang Lab,,,,no_match,Yongjiang Lab
Georgia Institute of Technology,https://ror.org/01zkghx44,https://ror.org/01zkghx44,1.0,marple,
altona Diagnostics GmbH,,,,no_match,altona Diagnostics GmbH
State Key Laboratory of High Performance Complex Manufacturing,,https://ror.org/04xjtqb36,1.0,marple,
Peng Cheng Lab,https://ror.org/03qdqbt06,https://ror.org/03qdqbt06,1.0,crf_fallback,Peng Cheng Lab
Wenzhou Medical University,https://ror.org/00rd5t069,https://ror.org/00rd5t069,1.0,marple,
Universidade Federal do Ceará,https://ror.org/03srtnf24,https://ror.org/03srtnf24,1.0,marple,
Louisiana NASA EPSCoR,,,,no_match,Louisiana NASA EPSCoR
Elsevier Research Networks,https://ror.org/055j8ya05,,,no_match,Elsevier Research Networks
Faculty Of Business And Law - Northumbria University,https://ror.org/049e6bc10,https://ror.org/049e6bc10,1.0,marple,
"Virginia Institute of Marine Science, William & Mary. Gloucester Point, VA (USA).",https://ror.org/04eeqc889,https://ror.org/04eeqc889,1.0,marple,
Keysight Technologies GmbH,https://ror.org/04g81mm64,,,no_match,Keysight Technologies GmbH
Research Centre for Eco-Environmental Sciences CN,https://ror.org/03rpsvy57,https://ror.org/03rpsvy57,1.0,marple,
Bahir Dar University,https://ror.org/01670bg46,https://ror.org/01670bg46,1.0,marple,
Xian Jiaotong University  Yantai  Research Institute for Intelligent Sensing Technology and System,https://ror.org/017zhmm22,https://ror.org/017zhmm22,1.0,marple,
Current address ICFO Institut de Ciencies Fotoniques,https://ror.org/03g5ew477,https://ror.org/03g5ew477,1.0,marple,
Kyoritsu Optronics,,,,no_match,Kyoritsu Optronics
Mindray Bio Medical Electronics Co,https://ror.org/04yfe8169,https://ror.org/04yfe8169,1.0,marple,
University Of Cambridge,https://ror.org/013meh722,https://ror.org/013meh722,1.0,marple,
Erasmus University Medical Centre,https://ror.org/018906e22,https://ror.org/018906e22,1.0,marple,
Adana Seyhan State Hospital,https://ror.org/0086skx40,https://ror.org/02cwcxm13,1.0,marple,
Universidade Federal de Goiás  UFG,https://ror.org/0039d5757,https://ror.org/0039d5757,1.0,marple,
IBM Research Europe  Zurich,https://ror.org/02js37d36,,,no_match,IBM Research Europe Zurich
University of New England,,https://ror.org/02n2ava60,1.0,crf_fallback,University of New England
"Tribhuvan University, Kathmandu",https://ror.org/02rg1r889,https://ror.org/02rg1r889,1.0,marple,
The Institute of Mathematical Sciences,https://ror.org/05e9bn444,,,no_match,The Institute of Mathematical Sciences
Instituto Tecnológico de AeronáuticaITA,https://ror.org/05vh67662,https://ror.org/05vh67662,1.0,marple,
PATH,,,,no_match,PATH
Department of Color Technology and Design,,,,no_match,Department of Color Technology and Design
OCTLIGHT,,,,no_match,OCTLIGHT
Jolywood  Taizhou  Solar Technology Co,,,,no_match,Jolywood Taizhou Solar Technology Co
Steklov Mathematical Institute of theRussian Academy of Sciences,https://ror.org/03zeg8w71,https://ror.org/05qrfxd25,1.0,marple,
Escola Superior Dom Helder Câmara,https://ror.org/05ryccv79,https://ror.org/05ryccv79,1.0,marple,
King Saud bin Abdelaziz University for Health Sciences,https://ror.org/0149jvn88,https://ror.org/0149jvn88,1.0,marple,
Minzu Normal University of Xingyi,,,,no_match,Minzu Normal University of Xingyi
University of Aveiro and The Instituto de Telecomunicações,https://ror.org/00nt41z93; https://ror.org/02ht4fk33,https://ror.org/02ht4fk33,1.0,marple,
Current addressdeepXscan GmbH,,,,no_match,Current addressdeepXscan GmbH
Cuza,,,,no_match,Cuza
Merrill Lynch & Co. Inc.,,,,no_match,Merrill Lynch & Co. Inc.
"University of Wisconsin, Madison",https://ror.org/01y2jtd41,,,no_match,University of Wisconsin
Helios Medical Center Bonn/Rhein-Sieg,,,,no_match,Helios Medical Center Bonn / Rhein - Sieg
South Central Minzu University,https://ror.org/03d7sax13,,,no_match,South Central Minzu University
University of Maribor,https://ror.org/01d5jce07,https://ror.org/01d5jce07,1.0,marple,
Optical Cable System Division,,,,no_match,Optical Cable System Division
Fujian Prima Optoelectronics Company Ltd,,,,no_match,Fujian Prima Optoelectronics Company Ltd
Xian Ming De Institute of Technology,,https://ror.org/05m169e78,0.7326109166666667,marple,
Shizuoka Univ,https://ror.org/01w6wtk13,https://ror.org/01w6wtk13,1.0,crf_fallback,Shizuoka Univ
Children's Hospital of Eastern Ontario,https://ror.org/05nsbhw27,https://ror.org/05nsbhw27,1.0,marple,
University of British Columbia and Vancouver General Hospital,https://ror.org/02zg69r60,https://ror.org/03rmrcq20,1.0,marple,
Starwood Hotels & Resorts Worldwide Inc Kazakhstan,,,,no_match,Starwood Hotels & Resorts Worldwide Inc Kazakhstan
XIM University,,,,no_match,XIM University
Zolix Instruments Co Ltd,,,,no_match,Zolix Instruments Co Ltd
Wuhan Gravitation and Solid Earth Tides,,,,no_match,Wuhan Gravitation and Solid Earth Tides
"""langley memorial aeronautical laboratory""",https://ror.org/01bp8jn44,,,no_match,""" langley memorial aeronautical laboratory """
"Zhongyuan University of Technology, Zhengzhou",https://ror.org/0360zcg91,https://ror.org/0360zcg91,1.0,marple,
Institute of Agri Food Processing and Nutrition,,,,no_match,Institute of Agri Food Processing and Nutrition
Manipal Academy of Higher Education (MAHE),https://ror.org/02xzytt36,https://ror.org/02xzytt36,1.0,marple,
China Information and Communication Technologies Group Corporation,,,,no_match,China Information and Communication Technologies Group Corporation
Electrical Machines and Drives (EM&D),,,,no_match,Electrical Machines and Drives ( EM & D )
Basic Research Project of Nantong,,,,no_match,Basic Research Project of Nantong
"Institut de Pharmacologie Moléculaire etCellulaire (IPMC), CNRS, Valbonne, France",https://ror.org/05k4ema52,https://ror.org/05k4ema52,1.0,marple,
Tianjin Key Laboratory of Energy saving Glass,,,,no_match,Tianjin Key Laboratory of Energy saving Glass
JNTUA,https://ror.org/02rw39616,,,no_match,JNTUA
Centro de Investigaciones en Física e Ingeniería del Centro de la Provincia de Buenos Aires CIFICEN,,https://ror.org/000y6ah26,1.0,marple,
Center for Strategic Planning and Management of Medical and Biological Health Risks of FMBA of Russia,https://ror.org/052ay8m85,https://ror.org/03ad6jw85,1.0,marple,
The University of Texas at Brownsville,,,,no_match,The University of Texas at Brownsville
Williams Sonoma Inc Paraguay,,,,no_match,Williams Sonoma Inc Paraguay
Institute of Ion Plasma and Laser Technology,https://ror.org/01g853f75,https://ror.org/01g853f75,0.91,crf_fallback,Institute of Ion Plasma and Laser Technology
Electronics and Telecommunications Research Institute (ETRI),https://ror.org/03ysstz10,https://ror.org/03ysstz10,1.0,marple,
"Institute of Pharmacology and Toxicology, University of Zürich, Zurich, Switzerland",https://ror.org/02crff812,https://ror.org/02crff812,1.0,marple,
Politehnica University Timisoara,https://ror.org/02v91gy68,https://ror.org/02v91gy68,0.93,crf_fallback,Politehnica University Timisoara
A Modelling Solutions Ltd,,,,no_match,A Modelling Solutions Ltd
"Centre Universitaire de Formation et de Recherche (CUFR), Mayotte Chad",,,,no_match,"Centre Universitaire de Formation et de Recherche ( CUFR ), Mayotte Chad"
Tor Vergata University,https://ror.org/02p77k626,,,no_match,Tor Vergata University
Guangzhou First People’s Hospital,https://ror.org/02bwytq13,https://ror.org/02bwytq13,1.0,marple,
USDA/ARS Environmental Microbial and Food Safety Laboratory,,,,no_match,USDA / ARS Environmental Microbial and Food Safety Laboratory
Angang Steel Co Ltd Technology Center,https://ror.org/00sgtyj59,,,no_match,Angang Steel Co Ltd Technology Center
Fujian University of Traditional Chinese Medicine,https://ror.org/05n0qbd70,https://ror.org/05n0qbd70,1.0,marple,
Department of Mobile Communications and Terminal Research Research Institute of China Telecommunication,,,,no_match,Department of Mobile Communications and Terminal Research Research Institute of China Telecommunication
Phaseform GmbH,,,,no_match,Phaseform GmbH
Università degli Studi di Bari Aldo Moro e Politecnico di Bari,https://ror.org/027ynra39; https://ror.org/03c44v465,https://ror.org/027ynra39,1.0,marple,
Bank of America Corporation Tokelau,https://ror.org/006tvg625,,,no_match,Bank of America Corporation Tokelau
University of Environment and Sustainable Development Ghana,https://ror.org/04tvaz881,https://ror.org/04tvaz881,1.0,marple,
LORAD Chemical Corporation,,https://ror.org/0414wrz80,0.5695370416666666,marple,
Public Service Enterprise Group Inc.,,,,no_match,Public Service Enterprise Group Inc.
University Mohammed VI Polytechnic,https://ror.org/03xc55g68,https://ror.org/03xc55g68,0.91,crf_fallback,University Mohammed VI Polytechnic
Hawassa University,https://ror.org/04r15fz20,https://ror.org/04r15fz20,1.0,marple,
"Army Medical University, Chongqing",https://ror.org/05w21nn13,https://ror.org/05w21nn13,1.0,marple,
Henan College of Transportation,https://ror.org/01gng0007,https://ror.org/01gng0007,1.0,marple,
hQphotonics Inc,,,,no_match,hQphotonics Inc
R&D Program of Beijing Municipal Education Commission,,https://ror.org/04bpn6s66,1.0,marple,
"Institute of Materials and Energy, Isfahan, Iran",,,,no_match,"Institute of Materials and Energy, Iran"
Evangelical University of Ludwigsburg (EH Ludwigsburg),https://ror.org/02j0n6s98,https://ror.org/02j0n6s98,1.0,crf_fallback,Evangelical University of Ludwigsburg ( EH Ludwigsburg )
The First Affiliated Hospital of Xian Jiaotong University,https://ror.org/02tbvhh96,https://ror.org/017zhmm22,1.0,crf_fallback,The First Affiliated Hospital of Xian Jiaotong University
Universidad ,,,,no_match,Universidad
150 W University Blvd,,,,no_match,150 W University Blvd
"Eastern Virginia Medical School, Norfolk",https://ror.org/056hr4255,https://ror.org/056hr4255,1.0,marple,
Keio University,https://ror.org/02kn6nx58,https://ror.org/02kn6nx58,1.0,marple,
Zhejiang Provincial Key Laboratory of Medical Information and Biological 3D Printing,,,,no_match,Zhejiang Provincial Key Laboratory of Medical Information and Biological 3 D Printing
"New York Medical College, Valhalla",https://ror.org/03dkvy735,https://ror.org/03dkvy735,1.0,marple,
Instituto Evandro Chagas (IEC),https://ror.org/04xk4hz96,https://ror.org/04xk4hz96,1.0,marple,
National Telecommunications Regulatory Authority  NTRA,https://ror.org/007mwgz28,https://ror.org/007mwgz28,1.0,marple,
Mindanao State University  General Santos City,https://ror.org/053yhr419,https://ror.org/053yhr419,0.94,crf_fallback,Mindanao State University General Santos City
Currently atPendar Technologies LLC,https://ror.org/0125wtc60,,,no_match,Currently atPendar Technologies LLC
Republic of Turkish Ministry of Transport and Infrastructure,,,,no_match,Republic of Turkish Ministry of Transport and Infrastructure
"Zhejiang Basic Public Welfare Research Project, Zhejiang Provincial Important Science & Technology Specific Projects, Key Science Project of Vegetable Breeding in Zhejiang and National Natural Science Foundation of China",https://ror.org/01h0zpd94,https://ror.org/01h0zpd94,1.0,marple,
TKM College of Engineering,,,,no_match,TKM College of Engineering
"Korea University, Seoul",https://ror.org/047dqcg40,https://ror.org/047dqcg40,1.0,crf_fallback,Korea University
University of California Berkeley Tsinghua Berkeley Shenzhen Institute Shenzhen,https://ror.org/01an7q238; https://ror.org/02hhwwz98,https://ror.org/01an7q238,1.0,marple,
LOC LLC,,,,no_match,LOC LLC
Saint Petersburg State University of Culture,https://ror.org/02ktptg11,https://ror.org/023znxa73,1.0,marple,
Airforce Engineering University,,https://ror.org/00seraz22,0.6459853666666667,marple,
Western University (University of Western Ontario),https://ror.org/02grkyz14,https://ror.org/02grkyz14,1.0,marple,
Gachon University,https://ror.org/03ryywt80,https://ror.org/03ryywt80,1.0,marple,
National Key Laboratory of Optical Field Manipulation Science and Technology,,,,no_match,National Key Laboratory of Optical Field Manipulation Science and Technology
Ocean Energy Inc,https://ror.org/041ww9d57,,,no_match,Ocean Energy Inc
"""unité mixte de recherche sur les fromages""",https://ror.org/01xbd2h58,https://ror.org/01xbd2h58,1.0,marple,
Memorial Sloan Kettering Cancer Center,https://ror.org/02yrq0923,https://ror.org/02yrq0923,1.0,marple,
The Second Hospital of Shandong University CN,https://ror.org/01fd86n56,https://ror.org/01fd86n56,1.0,marple,
Department of Anesthesiology and Critical Care Medicine,,,,no_match,Department of Anesthesiology and Critical Care Medicine
digital.csic.es,,,,no_match,digital. csic. es
The Army Artillery and Defense Academy of PLA,,,,no_match,The Army Artillery and Defense Academy of PLA
Zaragoza University,https://ror.org/012a91z28,https://ror.org/012a91z28,0.93,crf_fallback,Zaragoza University
Beijing Normal University  Zhuhai,https://ror.org/022k4wk35,https://ror.org/022k4wk35,1.0,marple,
Shenzhen University CN,https://ror.org/01vy4gh70,https://ror.org/01vy4gh70,1.0,marple,
"SPX Corp Tanzania, United Republic of",,,,no_match,"SPX Corp Tanzania, United Republic of"
University of Kerbala,,https://ror.org/05tqa9940,0.98,crf_fallback,University of Kerbala
CNR Institute for Genetic and Biomedical Research  CNR IRGB,https://ror.org/02dr63s31,,,no_match,CNR Institute for Genetic and Biomedical Research CNR IRGB
"%ETH Zurich, Switzerland; Max Planck Institut fur Meteorologie, Germany; Forschungszentrum Julich, Germany; University of Oxford, UK; Finnish Meteorological Institute, Finland; Leibniz Institute for Tropospheric Research, Germany; Center for Climate Systems Modeling (C2SM) at ETH Zurich, Switzerlands",https://ror.org/05a28rw58,https://ror.org/03a5xsc56,1.0,marple,
Institute of Information Engineering CN,https://ror.org/04r53se39,https://ror.org/04r53se39,1.0,marple,
University of Bath - International Journal of Digital Curation,https://ror.org/002h8g185,https://ror.org/002h8g185,1.0,marple,
University of Oradea,https://ror.org/00wzhv093,https://ror.org/00wzhv093,1.0,marple,
Breast Imaging Division,,,,no_match,Breast Imaging Division
KU Leuven,https://ror.org/05f950310,https://ror.org/05f950310,1.0,marple,
University of Yaoundé 1,https://ror.org/022zbs961,https://ror.org/022zbs961,1.0,marple,
BellSouth Corporation Christmas Island,,,,no_match,BellSouth Corporation Christmas Island
University of Panzhihua,https://ror.org/01h8y6y39,https://ror.org/01h8y6y39,0.93,crf_fallback,University of Panzhihua
Southern University of Science and Technology 1088 Xueyuan Avenue,https://ror.org/049tv2d57,https://ror.org/049tv2d57,1.0,marple,
Swedish University of Agricultural Sciences,https://ror.org/02yy8x990,https://ror.org/02yy8x990,1.0,marple,
Tilburg University,https://ror.org/04b8v1s79,https://ror.org/04b8v1s79,1.0,marple,
CHINA FAW GROUP CO LTD,https://ror.org/0353t4m91,https://ror.org/0353t4m91,1.0,marple,
University of Electronic,,,,no_match,University of Electronic
PeopleTec,https://ror.org/0477qv361,https://ror.org/0477qv361,1.0,crf_fallback,PeopleTec
The University of Applied Sciences in Nysa,https://ror.org/029mfc453,https://ror.org/029mfc453,1.0,marple,
Faculty Of Engineering - National University Of Singapore,https://ror.org/01tgyzw49,https://ror.org/01tgyzw49,1.0,marple,
Tianjin Union Medical Center of Nankai University,https://ror.org/01y1kjr75,https://ror.org/01y1kjr75,1.0,marple,
Shenyang Institute of Computing Technology Co Ltd,https://ror.org/02xqp7x96,https://ror.org/0090r4d87,1.0,marple,
University of Franche Comte,https://ror.org/03pcc9z86,https://ror.org/03pcc9z86,1.0,marple,
Shanghai Maritime University,https://ror.org/04z7qrj66,https://ror.org/04z7qrj66,1.0,marple,
University of Belgrade  Faculty of Mechanical Engineering,https://ror.org/02qsmb048,https://ror.org/02qsmb048,1.0,marple,
Bosch Car Multimedia Braga,,,,no_match,Bosch Car Multimedia Braga
Ninghai Major Traffic Project Construction Headquarter,,,,no_match,Ninghai Major Traffic Project Construction Headquarter
University of Colorado Anschutz,https://ror.org/03wmf1y16,,,no_match,University of Colorado Anschutz
AVIC Chengdu Aircraft Industrial  Group  Co Ltd,,,,no_match,AVIC Chengdu Aircraft Industrial Group Co Ltd
Precis HEOR,,,,no_match,Precis HEOR
REGEnLIFE,,,,no_match,REGEnLIFE
Hardware Research and Technology Laboratory,,,,no_match,Hardware Research and Technology Laboratory
Chao Family Comprehensive Cancer Center,,https://ror.org/05asdy483,1.0,marple,
Universidad de Valparaiso,https://ror.org/00h9jrb69,https://ror.org/00h9jrb69,1.0,crf_fallback,Universidad de Valparaiso
"UTHealth, Houston",https://ror.org/03gds6c39,https://ror.org/03gds6c39,1.0,crf_fallback,UTHealth
Airbus Defence and Space,https://ror.org/02z4rsp10,,,no_match,Airbus Defence and Space
Institute of Biological and Medical Engineering,,,,no_match,Institute of Biological and Medical Engineering
NAWCAD DAiTA Group,,,,no_match,NAWCAD DAiTA Group
"Hubei Communications Planning and Design Institute Co., Ltd China",,,,no_match,"Hubei Communications Planning and Design Institute Co., Ltd China"
"%Commonwealth Scientific and Industrial Research Organisation, Aspendale, Victoria 3195, Australias",https://ror.org/03qn8fb07,https://ror.org/03qn8fb07,1.0,marple,
Centro Hospitalar Universitário de Santo António,https://ror.org/02m9pj861,,,no_match,Centro Hospitalar Universitário de Santo António
Key Laboratory of Computation Optical Imaging Technology,,,,no_match,Key Laboratory of Computation Optical Imaging Technology
UnitedHealth Group Incorporated,,,,no_match,UnitedHealth Group Incorporated
" Nexter Munitions, 18023 Bourges Cedex, France",https://ror.org/056fctw89,,,no_match,"Nexter Munitions, France"
"Department of Mechanical Engineering, Maharaja Agrasen Institute of Technology, Delhi, India",,,,no_match,"Department of Mechanical Engineering, India; Maharaja Agrasen Institute of Technology, India"
"Facultad de Salud, Universidad del Valle, Cali – Colombia",https://ror.org/00jb9vg53,https://ror.org/00jb9vg53,1.0,crf_fallback,"Facultad de Salud, Cali – Colombia; Universidad del Valle, Cali – Colombia"
Universiti Teknologi Malaysia,https://ror.org/026w31v75,https://ror.org/026w31v75,1.0,marple,
Northwest Minzu University,https://ror.org/04cyy9943,https://ror.org/04cyy9943,1.0,marple,
VU Amsterdam,https://ror.org/008xxew50,https://ror.org/008xxew50,1.0,marple,
"Cardiovascular, Renal and Metabolism Evidence, BioPharmaceuticals Medical, AstraZeneca, Gothenburg, Sweden.",https://ror.org/04wwrrg31,,,no_match,"Cardiovascular, Sweden.; Renal and Metabolism Evidence, Sweden.; BioPharmaceuticals Medical, Sweden."
"China Harbour Engineering Company Ltd, Beijing China",,,,no_match,"China Harbour Engineering Company Ltd, Beijing China"
Research Alliance Fund,,https://ror.org/010r6td27,0.7619026666666667,marple,
"Foundation for Research and Technology Hellas, Greece",https://ror.org/052rphn09,https://ror.org/052rphn09,1.0,marple,
Centre de Meuse/Haute Marne,,,,no_match,Centre de Meuse / Haute Marne
REV Anguilla,,,,no_match,"REV, Anguilla"
Heidelberg,,https://ror.org/05xcp0f40,1.0,crf_fallback,Heidelberg
Guizhou Construction Science Research and Design Institute Limited Company of CSCEC,,,,no_match,Guizhou Construction Science Research and Design Institute Limited Company of CSCEC
Aryballe,,,,no_match,Aryballe
Key Laboratory of Space Photoelectric Detection and Perception  Nanjing University of Aeronautics and Astronautics,https://ror.org/01scyh794,https://ror.org/01scyh794,1.0,marple,
Prime Plexus LLC,,,,no_match,Prime Plexus LLC
SCHOTT North America,,,,no_match,SCHOTT North America
Academy of Sciences and Charles University in Vestec  BIOCEV,https://ror.org/024d6js02,https://ror.org/024d6js02,1.0,marple,
University of Cambridge,https://ror.org/013meh722,https://ror.org/013meh722,1.0,marple,
National Autonomous University of Mexico Mexico,https://ror.org/01tmp8f25,https://ror.org/01tmp8f25,1.0,marple,
LEMA Photonics Ltd,,,,no_match,LEMA Photonics Ltd
Federal University of Espirito Santo,https://ror.org/05sxf4h28,https://ror.org/05sxf4h28,1.0,marple,
"Department of Public Health, College of Health Science, Debre Markos University, Debre Markos, Ethiopia Ethiopia",https://ror.org/04sbsx707,https://ror.org/04sbsx707,1.0,marple,
School of Electrical and Computer Engineering Oklahoma State University Stillwater,https://ror.org/01g9vbr38,https://ror.org/01g9vbr38,1.0,marple,
山东,,,,no_match,山东
Instituto de Pesquisas Energeticas e Nucleares,https://ror.org/01senny43,https://ror.org/01senny43,1.0,marple,
"Cardiovascular, Renal and Metabolism Epidemiology, BioPharmaceuticals Medical, AstraZeneca, Cambridge, UK.",https://ror.org/04r9x1a08,,,no_match,"Cardiovascular, UK.; Renal and Metabolism Epidemiology, UK.; BioPharmaceuticals Medical, UK."
Institute of Biological Chemistry,,,,no_match,Institute of Biological Chemistry
Cataler Corporation,,,,no_match,Cataler Corporation
N/A,,,,no_match,N / A
The University Of Manchester,https://ror.org/027m9bs27,https://ror.org/027m9bs27,1.0,marple,
Sonic Automotive Inc. undefined,,,,no_match,Sonic Automotive Inc. undefined
Mittweida University of Applied Sciences,https://ror.org/024ga3r86,https://ror.org/024ga3r86,1.0,crf_fallback,Mittweida University of Applied Sciences
Currently with Globalfoundries,https://ror.org/02h0ps145,,,no_match,Currently with Globalfoundries
Technische Universität Berlin,https://ror.org/03v4gjf40,https://ror.org/03v4gjf40,1.0,marple,
"""analytical laboratory qlab""",https://ror.org/02efc3n22,https://ror.org/02efc3n22,1.0,marple,
Rosenberger OSI GmbH & Co OHG,https://ror.org/010t6g940,,,no_match,Rosenberger OSI GmbH & Co OHG
Centre dintégration NanoINNOV,,,,no_match,Centre dintégration NanoINNOV
"""chemours""",https://ror.org/0394f3t90,https://ror.org/0394f3t90,1.0,crf_fallback,""" chemours """
Micro/Nano Photonics Research Center,,,,no_match,Micro / Nano Photonics Research Center
Currently atNVIDIA Corporation,https://ror.org/03jdj4y14,,,no_match,Currently atNVIDIA Corporation
Institute of Chemical Technology,https://ror.org/00ykac431,https://ror.org/00ykac431,1.0,crf_fallback,Institute of Chemical Technology
Instituto de Optica Daza de Valdés  CSIC,https://ror.org/002zef647,https://ror.org/002zef647,1.0,marple,
Faculdade de Tecnologia de São Paulo,,,,no_match,Faculdade de Tecnologia de São Paulo
Dpto Luminotecnia,,,,no_match,Dpto Luminotecnia
Universitéde Lorraine,https://ror.org/04vfs2w97,,,no_match,Universitéde Lorraine
Polytechnic School of University of São Paulo,https://ror.org/036rp1748,https://ror.org/036rp1748,1.0,marple,
Nicolaus Copernicus University,https://ror.org/0102mm775,https://ror.org/0102mm775,1.0,marple,
"The Fifth Affiliated Hospital of ZunYi Medical University, Zhuhai, China China",https://ror.org/00g5b0g93,https://ror.org/00g5b0g93,1.0,marple,
University of Hamburg,https://ror.org/00g30e956,https://ror.org/00g30e956,1.0,marple,
Huawei Technologies  Sweden  AB,https://ror.org/0500fyd17,https://ror.org/0500fyd17,1.0,marple,
Author,,,,no_match,Author
Centro Hospitalar Universitário do Porto,https://ror.org/04dwpyh46,,,no_match,Centro Hospitalar Universitário do Porto
Cultivation of Science,,,,no_match,Cultivation of Science
Eastern Mediterranean University,https://ror.org/00excyz84,https://ror.org/00excyz84,1.0,marple,
Innovation Academy for Microsatellites of CAS,https://ror.org/05f6mer85,https://ror.org/05f6mer85,1.0,marple,
"Departement of Islamic Economy, Allameh Tabatai University, Tehran, Iran Iran, Islamic Republic of",https://ror.org/02cc4gc68,https://ror.org/02cc4gc68,0.91,crf_fallback,"Departement of Islamic Economy, Iran Iran; Allameh Tabatai University, Iran Iran"
ASL Citta Torino,,,,no_match,ASL Citta Torino
University of Campinas UNICAMP,https://ror.org/04wffgt70,https://ror.org/04wffgt70,1.0,marple,
VITCON Projectconsult GmbH,,,,no_match,VITCON Projectconsult GmbH
"Marriott International Inc. Bonaire, Sint Eustatius and Saba",,,,no_match,Marriott International Inc. Bonaire
Saint Mary's University,https://ror.org/010zh7098,https://ror.org/010zh7098,1.0,crf_fallback,Saint Mary ' s University
The Lighthouse Trust,https://ror.org/009wrgz05,https://ror.org/009wrgz05,1.0,marple,
Agricultural Research Center,https://ror.org/05hcacp57,https://ror.org/05hcacp57,1.0,marple,
Universiti Sains Malaysia,https://ror.org/02rgb2k63,https://ror.org/02rgb2k63,1.0,marple,
"Next Generation, Resilience Plan Funds",,,,no_match,Next Generation
"Gastroenterology Department, Wollongong Hospital, Wollongong",https://ror.org/02d0e3p67,https://ror.org/02d0e3p67,1.0,marple,
Universidad Distrital ,https://ror.org/02jsxd428,,,no_match,Universidad Distrital
Charles University - Journal Envigogika,https://ror.org/024d6js02,https://ror.org/024d6js02,1.0,marple,
Centro Universitario de la Defensa de Zaragoza,https://ror.org/00nqz4988,https://ror.org/00nqz4988,1.0,marple,
Beijing Engineering Research Center of Industrial Spectrum Imaging,,,,no_match,Beijing Engineering Research Center of Industrial Spectrum Imaging
IUCN Oil Crops Task Force,,,,no_match,IUCN Oil Crops Task Force
"Univ Lille, Inserm, CHU de Lille, U1172, Lille Neuroscience & Cognition, 59000 Lille, France; F2RSM psy-fédération régionale de recherche en psychiatrie et santé mentale Hauts-de-France, Saint-André-Lez-Lille, France; Centre national de ressources et de résilience Lille-Paris (CN2R), 59000 Lille, France.",,https://ror.org/04p94ax69,1.0,marple,
National Natural Science Foundation of China,https://ror.org/01h0zpd94,https://ror.org/01h0zpd94,1.0,marple,
The Fifth Medical Center of PLA General Hospital,,,,no_match,The Fifth Medical Center of PLA General Hospital
Circuitry with Optical Interconnection Business Development,,,,no_match,Circuitry with Optical Interconnection Business Development
OZ Optics Limited,https://ror.org/01nscpg76,,,no_match,OZ Optics Limited
Guangzhou City University of Technology,,https://ror.org/03gbw6p94,0.8015979166666667,marple,
University of Idaho,https://ror.org/03hbp5t65,https://ror.org/03hbp5t65,1.0,marple,
Shanghai InfoCrops Science & Technology Co,,,,no_match,Shanghai InfoCrops Science & Technology Co
Leibniz IPHT,https://ror.org/02se0t636,,,no_match,Leibniz IPHT
Institute for Research in Electronics & Applied Physics,,,,no_match,Institute for Research in Electronics & Applied Physics
Universita degli Studi di Trento,https://ror.org/05trd4x28,https://ror.org/05trd4x28,1.0,marple,
UniversitéLille,https://ror.org/02kzqn938,,,no_match,UniversitéLille
Finnish Institute for Health and Welfare (THL),https://ror.org/03tf0c761,https://ror.org/03tf0c761,1.0,marple,
Unika - Unika Repositor,,,,no_match,Unika - Unika Repositor
CEUNI Mexico,,,,no_match,"CEUNI, Mexico"
LG Display Co,,,,no_match,LG Display Co
Advanced Network Research Laboratories,,,,no_match,Advanced Network Research Laboratories
Institute of Photoelectrochemistry,,,,no_match,Institute of Photoelectrochemistry
UNOESTE,https://ror.org/00ccec020,,,no_match,UNOESTE
"Department of Mechanical Engineering, Faculty of Engineering, University of Isfahan, Hezar Jerib Ave., Isfahan, Iran",https://ror.org/05h9t7759,https://ror.org/05h9t7759,1.0,marple,
UFMS  Universidade Federal de Mato Grosso do Sul,https://ror.org/0366d2847,https://ror.org/0366d2847,1.0,marple,
University of Barcelona,https://ror.org/021018s57,https://ror.org/021018s57,1.0,marple,
Institute of Optical Fiber Sensing ofTianjin University,https://ror.org/012tb2g32,,,no_match,Institute of Optical Fiber Sensing ofTianjin University
Isaac Newton Centre,,,,no_match,Isaac Newton Centre
Iowa State University,https://ror.org/04rswrd78,https://ror.org/04rswrd78,1.0,marple,
Wiley United States of America,https://ror.org/02xe89706,,,no_match,Wiley United States of America
Department for Nanometer Optics and Technology,,,,no_match,Department for Nanometer Optics and Technology
"Department of Organization Management, Antai College of Economics & Management, Shanghai Jiao Tong University, Shanghai, 200030 People’s Republic of China",https://ror.org/0220qvk04,https://ror.org/0220qvk04,1.0,marple,
University of Applied Sciences Ludwigsburg (HS Ludwigsburg),https://ror.org/02j0n6s98,,,no_match,University of Applied Sciences Ludwigsburg ( HS Ludwigsburg )
Health Systems Global,https://ror.org/00vbd4626,https://ror.org/00vbd4626,1.0,marple,
TI Automotive Systems  Changchun  Co,,,,no_match,TI Automotive Systems Changchun Co
Guangdong Industry Polytechnic,,,,no_match,Guangdong Industry Polytechnic
Hangzhou City University,,https://ror.org/03cd4ja39,0.94,crf_fallback,Hangzhou City University
Gedik University,https://ror.org/05msvfx67,https://ror.org/05msvfx67,1.0,marple,
"API R&D Laboratory, Research Division, Shionogi & Co., Ltd., 1 1, Futaba cho 3 Chome, Toyonaka, Osaka 561 0825, Japan",https://ror.org/01v3bqg10,,,no_match,"API R & D Laboratory, Japan; Research Division, Japan; Shionogi & Co., Japan; Ltd., Japan"
Brookman Technology Co,,,,no_match,Brookman Technology Co
"Professor de Ensino Superior, Fatec Ourinhos",,,,no_match,Professor de Ensino Superior
"King Abdulaziz University, Jeddah Saudi Arabia",https://ror.org/02ma4wv74,https://ror.org/02ma4wv74,1.0,marple,
CCB Fintech Co LtdPudong New Area,,,,no_match,CCB Fintech Co LtdPudong New Area
Universidad Nacional de Colombia,https://ror.org/059yx9a68,https://ror.org/059yx9a68,1.0,marple,
University of Westminster,https://ror.org/04ycpbx82,https://ror.org/04ycpbx82,1.0,marple,
Charles Darwin University,https://ror.org/048zcaj52,https://ror.org/048zcaj52,1.0,marple,
FormerlyMcMaster University,https://ror.org/02fa3aq29,,,no_match,FormerlyMcMaster University
Tencent Robotics X Lab,https://ror.org/00hhjss72,,,no_match,Tencent Robotics X Lab
Groupe de Spectrométrie Moléculaire et Atmosphérique  GSMA,https://ror.org/03vyzg221,https://ror.org/03vyzg221,1.0,marple,
Soban Singh Jeena  SSJ  University,,,,no_match,Soban Singh Jeena SSJ University
Key Laboratory of THz Optoelectronics,,,,no_match,Key Laboratory of THz Optoelectronics
Northwestern Polytechnical University CN,https://ror.org/01y0j0j86,https://ror.org/01y0j0j86,1.0,marple,
"University of California, San Francisco",https://ror.org/043mz5j54,https://ror.org/043mz5j54,1.0,marple,
Comisión Nacional de Energía Atómica  CNEA —Universidad Nacional de Cuyo  UNCUYO,https://ror.org/05sn8wf81; https://ror.org/01xz39a70,https://ror.org/05sn8wf81,1.0,marple,
"Nnamdi Azikiwe University, Awka",https://ror.org/02r6pfc06,https://ror.org/02r6pfc06,1.0,marple,
Humboldt-Universitat zu Berlin,https://ror.org/01hcx6992,https://ror.org/01hcx6992,1.0,marple,
Xian University of Technolog,,,,no_match,Xian University of Technolog
PETRA,,,,no_match,PETRA
Ollscoil na Gaillimhe – University of Galway,https://ror.org/03bea9k73,https://ror.org/03bea9k73,1.0,marple,
CEA - Grenoble,https://ror.org/02mg6n827,https://ror.org/02mg6n827,1.0,crf_fallback,CEA - Grenoble
Institute of Nuclear Physics,,https://ror.org/01136x372,1.0,crf_fallback,Institute of Nuclear Physics
Donostia International Physics Center  DIPC  San Sebastián Donostia,https://ror.org/02e24yw40,https://ror.org/02e24yw40,1.0,marple,
Current addressAMO GmbH,,,,no_match,Current addressAMO GmbH
Ningbo University of Finance & Economics,,https://ror.org/005d8s603,1.0,marple,
Hunan Key Laboratory of Mechanism and Technology of Quantum Information,,,,no_match,Hunan Key Laboratory of Mechanism and Technology of Quantum Information
Simon Fraser University,https://ror.org/0213rcc28,https://ror.org/0213rcc28,1.0,marple,
Technische Hochschule Brandenburg (3310),https://ror.org/04qj3gf68,https://ror.org/04qj3gf68,1.0,marple,
Institute of Mechanics and Acoustic Metrology,,,,no_match,Institute of Mechanics and Acoustic Metrology
Madan Mohan Malviya University of Technology,https://ror.org/04h1w2j35,https://ror.org/04h1w2j35,0.99,crf_fallback,Madan Mohan Malviya University of Technology
Shandong Agricultural University,https://ror.org/02ke8fw32,https://ror.org/02ke8fw32,1.0,marple,
"Center for Epigenetics and Metabolism, Irvine, United States",,,,no_match,"Center for Epigenetics and Metabolism, United States"
Galway University Hospital and Department of Pathology,https://ror.org/04scgfz75,https://ror.org/03bea9k73,1.0,crf_fallback,Galway University Hospital and Department of Pathology
EspyLux LLC,,,,no_match,EspyLux LLC
ddd Romania,,,,no_match,
Infrared Detection Technology Research and Development Center,,,,no_match,Infrared Detection Technology Research and Development Center
"Institute of Epidemiology, Disease Control and Research",https://ror.org/03bgw1x40,https://ror.org/03bgw1x40,1.0,marple,
University Of Oxford,https://ror.org/052gg0110,https://ror.org/052gg0110,1.0,marple,
Institut preparatoire aux etudes Litteraires et de sciences humaines,,,,no_match,Institut preparatoire aux etudes Litteraires et de sciences humaines
National Marine Environmental Monitoring Center,,,,no_match,National Marine Environmental Monitoring Center
"Virginia Commonwealth University, School of Medicine",https://ror.org/02nkdxk79,https://ror.org/02nkdxk79,1.0,marple,
CONICE,,,,no_match,CONICE
LinOptx LLC,,,,no_match,LinOptx LLC
Al Furat Al Awsat Technical University ATU,https://ror.org/04hsvhf62,https://ror.org/04hsvhf62,0.95,crf_fallback,Al Furat Al Awsat Technical University ATU
Departamento de Investigaciones en Láseres y Aplicaciones,,,,no_match,Departamento de Investigaciones en Láseres y Aplicaciones
Key Lab Dairy Biotechnol & Safety Control,,,,no_match,Key Lab Dairy Biotechnol & Safety Control
Key Laboratory for Advanced Display and System Application,,,,no_match,Key Laboratory for Advanced Display and System Application
Centro Nacional de Energías Renovables,https://ror.org/03426vf35,https://ror.org/03426vf35,1.0,marple,
currently with European Space Agency  ESA/ECSAT,https://ror.org/03wd9za21,https://ror.org/03wd9za21,1.0,marple,
Key Laboratory of Photonic Control Technology Tsinghua University,https://ror.org/03cve4549,https://ror.org/03cve4549,1.0,marple,
the National Key R&D Program of China,,,,no_match,the National Key R & D Program of China
Advanced Ophthalmology Laboratory  AOL,,,,no_match,Advanced Ophthalmology Laboratory AOL
Université de Technologie de Troyes & CNRS ERL7004,https://ror.org/01qhqcj41; https://ror.org/02feahw73,https://ror.org/01qhqcj41,1.0,marple,
The Bio X Program,,,,no_match,The Bio X Program
Jiaxing Xurui Electronics Tech Co Ltd,,https://ror.org/009rbsv73,0.7077982500000001,marple,
"Key project supported by the Natural Science Foundation of Fujian province, China",,,,no_match,"Key project supported by the Natural Science Foundation of Fujian province, China"
"Korea Institute of Energy Research, Daejeon",https://ror.org/0298pes53,https://ror.org/0298pes53,1.0,marple,
Shandong Ruixing Single Mode Laser Technology Co,,,,no_match,Shandong Ruixing Single Mode Laser Technology Co
Jinnah Sindh Medical University - Pakistan,https://ror.org/010pmyd80,https://ror.org/010pmyd80,1.0,marple,
Jilin Engineering Vocational College,,,,no_match,Jilin Engineering Vocational College
National Institute of Information and Communications Technologies  NICT,https://ror.org/016bgq349,https://ror.org/016bgq349,1.0,marple,
"Stanley Center at the Broad, Cambridge, United States",https://ror.org/05a0ya142,,,no_match,"Stanley Center at the Broad, United States"
TIIAME National Research University,https://ror.org/01s4mx151,,,no_match,TIIAME National Research University
ASML Tainan,,,,no_match,ASML Tainan
State Key Laboratory of Optometry,,,,no_match,State Key Laboratory of Optometry
University of Helsinki,https://ror.org/040af2s02,https://ror.org/040af2s02,1.0,marple,
Teaching and Research Institute,,,,no_match,Teaching and Research Institute
National University Of Ireland Galway,https://ror.org/03bea9k73,https://ror.org/00shsf120,1.0,marple,
Kastamonu University,https://ror.org/015scty35,https://ror.org/015scty35,1.0,marple,
The University of Tennessee at Chattanooga,https://ror.org/00nqb1v70,https://ror.org/00nqb1v70,1.0,marple,
Zhejiang Academy of Surveying and Mapping,,,,no_match,Zhejiang Academy of Surveying and Mapping
British Council Kosovo,,,,no_match,British Council Kosovo
"Hospital Sant Joan de Déu Barcelona, Barcelona",https://ror.org/001jx2139,,,no_match,Hospital Sant Joan de Déu Barcelona
DLR   Institute of Optical Sensor Systems,,,,no_match,DLR Institute of Optical Sensor Systems
Université Grenoble Alpes/CNRS,https://ror.org/02rx3b187,https://ror.org/02rx3b187,1.0,marple,
Embrapa Instrumentation,https://ror.org/0482b5b22,,,no_match,Embrapa Instrumentation
University of East Anglia,https://ror.org/026k5mg93,https://ror.org/026k5mg93,1.0,marple,
Institut Pierre Simon Laplace  IPSL,https://ror.org/02haar591,https://ror.org/02haar591,1.0,marple,
King Fahd University of Petroleum and Minerals (Saudi Arabia),https://ror.org/03yez3163,https://ror.org/03yez3163,1.0,marple,
G G Devyatykh Institute of Chemistry of High Purity Substances of RAS,https://ror.org/015vgt264,https://ror.org/015vgt264,0.9,crf_fallback,G G Devyatykh Institute of Chemistry of High Purity Substances of RAS
Tianjin Institute of Technology and Physics,,https://ror.org/00183pc12,0.91,crf_fallback,Tianjin Institute of Technology and Physics
"UKE, Germany",,,,no_match,"UKE, Germany"
Physikalisch Meteorologisches Observatorium Davos / World Radiation Center  PMOD/WRC,https://ror.org/02gtrqv93,https://ror.org/02gtrqv93,1.0,marple,
"Univ Lille, Inserm, CHU de Lille, U1172, Lille Neuroscience & Cognition, 59000 Lille, France; Centre national de ressources et de résilience Lille-Paris (CN2R), 59000 Lille, France.",https://ror.org/02kzqn938; https://ror.org/02vjkv261; https://ror.org/02ppyfa04,https://ror.org/04p94ax69,1.0,marple,
MCKV Institute of Engineering,,https://ror.org/03ny67e60,0.91516725,marple,
"%European Centre for Medium-Range Weather Forecasts, Reading RG2 9AX, UKs",https://ror.org/014w0fd65,https://ror.org/014w0fd65,1.0,marple,
Hunan Institute of Engineering,https://ror.org/03zj2rn70,https://ror.org/03zj2rn70,1.0,marple,
United Soybean Board,https://ror.org/03az66838,https://ror.org/03az66838,1.0,marple,
Unit 31121,,,,no_match,Unit 31121
Shanghai Key Laboratory of Ocular Fundus Diseases,,,,no_match,Shanghai Key Laboratory of Ocular Fundus Diseases
"Global Centre for Environmental Remediation (GCER), College of Engineering, Science and Environment, The University of Newcastle, Callaghan, NSW 2308, Australia",https://ror.org/00eae9z71,https://ror.org/00eae9z71,1.0,crf_fallback,"Global Centre for Environmental Remediation ( GCER ), Australia; College of Engineering, Science and Environment, Australia; The University of Newcastle, Australia"
Mederrata Research Inc,,,,no_match,Mederrata Research Inc
University of Hull,https://ror.org/04nkhwh30,https://ror.org/04nkhwh30,1.0,marple,
National Yang Ming Chiao Tung University,https://ror.org/00se2k293,https://ror.org/00se2k293,1.0,marple,
Admin Romania,,,,no_match,"Admin, Romania"
Politecnico di TORINO,https://ror.org/00bgk9508,https://ror.org/00bgk9508,1.0,marple,
"Ollscoil na Gaillimhe ? University of Galway, Galw",https://ror.org/03bea9k73,https://ror.org/03bea9k73,1.0,marple,
Research Centre of Medical Genetics of the Russian Academy of Medical Sciences - Medical genetics,https://ror.org/029k7k053,,,no_match,Research Centre of Medical Genetics of the Russian Academy of Medical Sciences - Medical genetics
"University of Thessaly, Greece",https://ror.org/04v4g9h31,https://ror.org/04v4g9h31,1.0,marple,
UOS,,,,no_match,UOS
Ghent University Centre for X Ray Tomography  UGCT,https://ror.org/00cv9y106,https://ror.org/00cv9y106,1.0,marple,
"Fundação para a Ciência e Tecnologia, I.P.",https://ror.org/00snfqn58,https://ror.org/00snfqn58,1.0,marple,
"Department of Physics, Indian Institute of Science, Bangalore - 560012 India",https://ror.org/04dese585,https://ror.org/05j873a45,0.92,crf_fallback,"Department of Physics, Indian Institute of Science, India"
Bank of America Corporation,https://ror.org/006tvg625,https://ror.org/006tvg625,1.0,marple,
"Department of Medical Laboratory Sciences, University of Buea, Buea, Cameroon Cameroon",https://ror.org/041kdhz15,https://ror.org/041kdhz15,1.0,marple,
Nanjing University of Aeronautics andAstronautics,https://ror.org/01scyh794,,,no_match,Nanjing University of Aeronautics andAstronautics
Center for Complex Systems and Brain Sciences,,,,no_match,Center for Complex Systems and Brain Sciences
State Institute for Islamic Studies - MADANIA : Jurnal Kajian Keislaman,,,,no_match,State Institute for Islamic Studies - MADANIA : Jurnal Kajian Keislaman
"Centre for Translational Atomaterials, School of Science, Swinburne University of Technology. John Street, Hawthorn, VIC 3122, Australia",https://ror.org/031rekg67,https://ror.org/031rekg67,1.0,marple,
One Health Trust,,,,no_match,One Health Trust
Constellation Brands Inc. Anguilla,https://ror.org/0375ygm12,,,no_match,"Constellation Brands Inc., Anguilla"
Centre Européen de la Céramique,https://ror.org/04k4pxr75,https://ror.org/04k4pxr75,1.0,marple,
National Health Research Institutes,https://ror.org/02r6fpx29,https://ror.org/02r6fpx29,1.0,marple,
"Department of Mechanical Engineering, Faculty of Engineering, University of Zabol, Zabol, Iran",https://ror.org/03d9mz263,https://ror.org/03d9mz263,1.0,marple,
Harbin Boiler Company Limited,,,,no_match,Harbin Boiler Company Limited
Jefferson-Pilot Co. Sierra Leone,,,,no_match,Jefferson - Pilot Co. Sierra Leone
universidad nacional autonoma de mexic,https://ror.org/01tmp8f25,https://ror.org/01tmp8f25,1.0,marple,
Defence Science & Technology Group,https://ror.org/05ddrvt52,https://ror.org/05ddrvt52,1.0,marple,
Hart SCI,,,,no_match,Hart SCI
Albert-Ludwigs-Universität Freiburg,https://ror.org/0245cg223,https://ror.org/0245cg223,1.0,marple,
Cesky Metrologicky Institut  CMI,https://ror.org/02m5haa59,https://ror.org/02m5haa59,1.0,marple,
Shaffer Consulting Inc,,,,no_match,Shaffer Consulting Inc
Jiangsu Open University,,,,no_match,Jiangsu Open University
University of Oran Algeria,https://ror.org/059et2b68,https://ror.org/059et2b68,1.0,marple,
Commonwealth Scientific And Industrial Research Organisation,https://ror.org/03qn8fb07,https://ror.org/03qn8fb07,1.0,marple,
Deutsche Gesellschaft für Auswärtige Politik e.V. (4356),https://ror.org/049xxah85,https://ror.org/049xxah85,1.0,marple,
InnoHK Initiative and the Hong Kong Special Administrative Region Government,https://ror.org/034179816,,,no_match,InnoHK Initiative and the Hong Kong Special Administrative Region Government
Currently with Semtech Neuchâtel Sàrl,,,,no_match,Currently with Semtech Neuchâtel Sàrl
Beijing Chenjing Electronics Co,,,,no_match,Beijing Chenjing Electronics Co
" School of Aeronautics, Northwestern Polytechnical University, Xi'an, Shaanxi, China",https://ror.org/01y0j0j86,https://ror.org/01y0j0j86,1.0,marple,
HangzhouInstitute for Advanced Study,,,,no_match,HangzhouInstitute for Advanced Study
Testing 2,,,,no_match,Testing 2
University of St. Thomas (Minnesota),https://ror.org/05vfxvp80,,,no_match,"University of St. Thomas, ( Minnesota )"
HiLung Inc,,,,no_match,HiLung Inc
Universidad Politecnica de Cartagena,https://ror.org/02k5kx966,https://ror.org/02k5kx966,1.0,marple,
National Key Research and Development Program of China,,,,no_match,National Key Research and Development Program of China
FOC Fibre Optical Components GmbH,,,,no_match,FOC Fibre Optical Components GmbH
Innovation and Entrepreneurship Training Program for Undergraduates in Hunan Province,,,,no_match,Innovation and Entrepreneurship Training Program for Undergraduates in Hunan Province
Advanced Institute of Photonic Technology and the School of Information Engineering of Guangdong University of Technology,https://ror.org/04azbjn80,https://ror.org/04azbjn80,1.0,marple,
"Yale, United States",https://ror.org/03v76x132,,,no_match,"Yale, United States"
"""Barbuda Bureau of Standards""",https://ror.org/00dbxb330,https://ror.org/00dbxb330,1.0,marple,
Shenzhen JPT Opto Electronics Co Ltd,,,,no_match,Shenzhen JPT Opto Electronics Co Ltd
National Technical University of Ukraine,,https://ror.org/00syn5v21,1.0,marple,
Institut für Halbleitertechnik,,,,no_match,Institut für Halbleitertechnik
Dai hoc Cong Nghiep Ha Noi Viet Nam,,https://ror.org/05hhz4s12,1.0,marple,
China Haida Group Guangzhou Metropolitan Area Network Technology Co,,,,no_match,China Haida Group Guangzhou Metropolitan Area Network Technology Co
Present addressMIRSENSE,,,,no_match,Present addressMIRSENSE
Zhangjiang Laboratory,https://ror.org/0208qbg77,,,no_match,Zhangjiang Laboratory
18019220506 China,,,,no_match,"18019220506, China"
"John Wiley & Sons, Hoboken",https://ror.org/02xe89706,https://ror.org/000gm1k91,1.0,crf_fallback,John Wiley & Sons
George Washington University,https://ror.org/00y4zzh67,https://ror.org/00y4zzh67,1.0,marple,
Division of Neurology,,,,no_match,Division of Neurology
Leibniz Institute for German Marine History (DSM),https://ror.org/02hdxnq28,,,no_match,Leibniz Institute for German Marine History ( DSM )
RIKEN Brain Science Institute,https://ror.org/04j1n1c04,,,no_match,RIKEN Brain Science Institute
Wood Centre for Innovation,,,,no_match,Wood Centre for Innovation
QTI srl,,,,no_match,QTI srl
NK Photonics Ltd,,,,no_match,NK Photonics Ltd
"Division of Information Science and Engineering, KTH Royal Institute of Technology, Stockholm, Sweden",https://ror.org/026vcq606,https://ror.org/026vcq606,1.0,marple,
Shenzhen Nanshan Peoples Hospital and The 6th Affiliated Hospital of Shenzhen University Health Science Center,https://ror.org/00qftst12,https://ror.org/04yjbr930,1.0,marple,
University of Pennsylvania,https://ror.org/00b30xv10,https://ror.org/00b30xv10,1.0,marple,
"Department of Chemistry, University of Zürich, Zürich, Switzerland",https://ror.org/02crff812,https://ror.org/02crff812,1.0,marple,
Cardiff Metropolitan University,https://ror.org/00bqvf857,https://ror.org/00bqvf857,1.0,marple,
Bangabandhu Sheikh Mujibur Rahman Science & Technology University,https://ror.org/011xjpe74,https://ror.org/011xjpe74,1.0,marple,
Shanghai Eye Diseases Prevention and Treatment Center,https://ror.org/0048a4976,https://ror.org/0048a4976,1.0,marple,
Universi,,,,no_match,Universi
Guangdong Provincial Key Laboratory of Semiconductor Optoelectronic Materials and Intelligent Photonic Systems,,,,no_match,Guangdong Provincial Key Laboratory of Semiconductor Optoelectronic Materials and Intelligent Photonic Systems
Fujian Science & Technology Innovation Laboratory for Optoelectronic Information of China  Mindu Innovation Laboratory,,,,no_match,Fujian Science & Technology Innovation Laboratory for Optoelectronic Information of China Mindu Innovation Laboratory
"NEW ORLEANS, CITY OF",,,,no_match,NEW ORLEANS
Hochschule Darmstadt University of Applied Sciences (3312),https://ror.org/047wbd030,https://ror.org/047wbd030,1.0,marple,
Hebei Medical University,https://ror.org/04eymdx19,https://ror.org/04eymdx19,1.0,marple,
QUANTIC team,,https://ror.org/01q28w082,0.92,crf_fallback,QUANTIC team
Institute of Theoretical and Applied Mechanics of the Czech Academy of Sciences,https://ror.org/01hxbnq19,https://ror.org/01hxbnq19,1.0,marple,
State Key Laboratory of Mobile Network and Mobile Multimedia Technology,,https://ror.org/05cd55294,1.0,marple,
POCI - Programa Operacional Competitividade e Internacionalização,,,,no_match,POCI - Programa Operacional Competitividade e Internacionalização
Ruhr University Bochum,https://ror.org/04tsk2644,https://ror.org/04tsk2644,1.0,marple,
Banta Corporation France,,,,no_match,Banta Corporation France
The First Affiliated Hospital of China Medical University China,https://ror.org/04wjghj95,https://ror.org/04wjghj95,1.0,marple,
IPG Photonics Southeast Technology Center,,,,no_match,IPG Photonics Southeast Technology Center
AT&T Corp. Réunion,,,,no_match,"AT & T Corp., Réunion"
National Research Council of Canada Nanotechnology Research Centre,https://ror.org/04mte1k06; https://ror.org/05c0g2426,,,no_match,National Research Council of Canada Nanotechnology Research Centre
University of Michigan,https://ror.org/00jmfr291,https://ror.org/00jmfr291,1.0,marple,
Instituto de Fisica Interdisciplinar y Sistemas Complejos   Palma de Mallorca,https://ror.org/00pfxsh56,https://ror.org/00pfxsh56,1.0,marple,
On Semiconductor Corp,,,,no_match,On Semiconductor Corp
Chongqing University of Science & Technology,https://ror.org/03n3v6d52,https://ror.org/03n3v6d52,1.0,marple,
Evatec AG,,,,no_match,Evatec AG
Bharathidhasan University,https://ror.org/02w7vnb60,https://ror.org/038a1tp19,0.2703604333333333,marple,
Lund University,https://ror.org/012a77v79,https://ror.org/012a77v79,1.0,marple,
Brandenburg University of Technology Cottbus Senftenberg  BTU,https://ror.org/02wxx3e24,https://ror.org/02wxx3e24,1.0,marple,
HarbinEngineering University,https://ror.org/03x80pn82,https://ror.org/01evb6z23,0.2703604333333333,marple,
Guangdong Institute of Cardiovascular Diseases,,,,no_match,Guangdong Institute of Cardiovascular Diseases
"Shaanxi Provincial Transport Planning Design and Research Institute Co., Ltd,",,,,no_match,Shaanxi Provincial Transport Planning Design and Research Institute Co.; Ltd
The University of Queensland Diamantina Institute,https://ror.org/00rqy9422,https://ror.org/00rqy9422,1.0,marple,
Jiangxi Engineering Laboratory for Optoelectronics Testing Technology,,https://ror.org/03v61g875,1.0,marple,
Institute for Information & Communications Technology Planning & Evaluation (IITP),,,,no_match,Institute for Information & Communications Technology Planning & Evaluation ( IITP )
Hanoi Pedagogical University 2 (HPU2),https://ror.org/00st18g74,https://ror.org/00st18g74,1.0,marple,
China Ship Research and Development Academy,,,,no_match,China Ship Research and Development Academy
University of Colorado School of Medicine,,https://ror.org/04cqn7d42,1.0,crf_fallback,University of Colorado School of Medicine
"Associate Professor, Kwangwoon University, Seoul, Korea",https://ror.org/02e9zc863,https://ror.org/02e9zc863,1.0,marple,
"�utscher Wetterdienst, Offenbach am Main 63067, Germanys",https://ror.org/02nrqs528,https://ror.org/02nrqs528,0.95,crf_fallback,� utscher Wetterdienst
"Xianhong Han, School of Materials Science and Engineering, Shanghai Jiao Tong University, China",https://ror.org/0220qvk04,https://ror.org/0220qvk04,1.0,marple,
Koninklijk Nederlands Instituut voor Onderzoek der Zee (NIOZ) Texel,https://ror.org/01gntjh03,https://ror.org/01gntjh03,1.0,marple,
Vienex Corporation,,,,no_match,Vienex Corporation
"Direction de la Recherche, des études, de l'évaluation et des Statistiques (Drees), Paris, France.",,,,no_match,"Direction de la Recherche, France.; des études, France.; de l ' évaluation et des Statistiques ( Drees ), France."
"Institute of Macromolecular Chemistry, Academy of Sciences of the Czech Republic, Heyrovského nám. 2, 162 06 Prague 6, Czech Republic",https://ror.org/0143w7709,,,no_match,"Institute of Macromolecular Chemistry, Czech Republic; Academy of Sciences of the Czech Republic, Czech Republic"
Guangdong Ocean University,https://ror.org/0462wa640,https://ror.org/0462wa640,1.0,marple,
Universidade Federal,,https://ror.org/05fk5tr28,0.5519522833333333,marple,
Inonu University,https://ror.org/04asck240,https://ror.org/04asck240,1.0,marple,
Diebold Incorporated Uzbekistan,,,,no_match,
"Department of Automobile Engineering, SRM Institute of Science and Technology, NCR Campus, Modinagar, Ghaziabad, Uttar Pradesh – 201204, India",https://ror.org/050113w36,https://ror.org/050113w36,1.0,marple,
Polaris Industries Inc. Somalia,,,,no_match,"Polaris Industries Inc., Somalia"
Key Lab of In Fiber Integrated Optics,,,,no_match,Key Lab of In Fiber Integrated Optics
ICMM,,,,no_match,ICMM
BIT Chongqing Institute of Microelectronics and Microsystems,,,,no_match,BIT Chongqing Institute of Microelectronics and Microsystems
Investigadora Asistente,,,,no_match,Investigadora Asistente
Anhui High Reliability Chips Engineering Laboratory,,https://ror.org/03v61g875,1.0,marple,
"University College London, United Kingdom",https://ror.org/02jx3x895,https://ror.org/02jx3x895,1.0,marple,
LF Vereshchagin Institute for High Pressure Physics,https://ror.org/01b1j4e13,https://ror.org/01b1j4e13,1.0,marple,
Saint Mary's University (Canada),https://ror.org/010zh7098,https://ror.org/010zh7098,1.0,crf_fallback,"Saint Mary ' s University, ( Canada )"
"%CSIRO (Commonwealth Scientific and Industrial Research Organisation, Aspendale, Victoria 3195, Australia), ARCCSS (Australian Research Council Centre of Excellence for Climate System Science). Mailing address: CSIRO, c/o Simon J. Marsland, 107-121 Station Street, Aspendale, Victoria 3195, Australias",https://ror.org/03qn8fb07,https://ror.org/05mmh0f86,1.0,marple,
Key Laboratory of Elevator Intelligent Safety inUniversities of Jiangsu Province,,,,no_match,Key Laboratory of Elevator Intelligent Safety inUniversities of Jiangsu Province
Beijing Municipal Health System High Level Personnel Training Programme,https://ror.org/0374a5s68,,,no_match,Beijing Municipal Health System High Level Personnel Training Programme
Shanghai Institute of Materia Medica Chinese Academy of Sciences CN,https://ror.org/022syn853; https://ror.org/034t30j35,https://ror.org/034t30j35,1.0,marple,
"King Faisal University, Al Hufūf",https://ror.org/00dn43547,https://ror.org/00dn43547,1.0,marple,
"Harvard Medical School, United States",https://ror.org/03vek6s52,,,no_match,"Harvard Medical School, United States"
"Central-South Architectural Design Institute co.,ltd",,,,no_match,Central - South Architectural Design Institute co.; ltd
Tyson Foods Inc Oman,,,,no_match,Tyson Foods Inc Oman
King Khalid University,https://ror.org/052kwzs30,https://ror.org/052kwzs30,1.0,marple,
Zuse Institute Berlin - OPUS 4,https://ror.org/02eva5865,https://ror.org/02eva5865,1.0,marple,
Universidad Distrital,,,,no_match,Universidad Distrital
K water Research Institute,,,,no_match,K water Research Institute
"Regional Health Agency, Provence-Alpes-Côte d'Azur, 13005 Marseille, France.",,,,no_match,"Regional Health Agency, France.; Provence - Alpes - Côte d ' Azur, France."
UOS Università La Sapienza,https://ror.org/02be6w209,,,no_match,UOS Università La Sapienza
Stiftung Leibniz-Institut zur Analyse des Biodiversitätswandels (LIB),https://ror.org/03k5bhd83,https://ror.org/03k5bhd83,1.0,marple,
University of Jyväskylä,https://ror.org/05n3dz165,https://ror.org/05n3dz165,1.0,marple,
Department of Laser Equipment,,,,no_match,Department of Laser Equipment
Nanjing Electronic Devices Institute,,,,no_match,Nanjing Electronic Devices Institute
The 26th Research Institute of China Electronics Technology Group Corporation,https://ror.org/0098hst83,https://ror.org/0098hst83,1.0,marple,
Key Laboratory of Intelligent Computing in Medical Image,,,,no_match,Key Laboratory of Intelligent Computing in Medical Image
OptiPro Systems,https://ror.org/01fha7a79,https://ror.org/01fha7a79,1.0,crf_fallback,OptiPro Systems
Transport Technologies Division,,,,no_match,Transport Technologies Division
Max Born Institute for Nonlinear Optics,https://ror.org/03jbf6q27,,,no_match,Max Born Institute for Nonlinear Optics
CE,,,,no_match,CE
East China Research Institute of Electronic Engineering,,,,no_match,East China Research Institute of Electronic Engineering
Centro de Física de Materiales  UPV/EHU CSIC,https://ror.org/02hpa6m94,https://ror.org/02hpa6m94,1.0,marple,
Heilongjiang Provincial Key Laboratory of Plasma Physics and Application Technology,,https://ror.org/05c95bg36,1.0,marple,
Kitasato University School of Allied Health Sciences,https://ror.org/00f2txz25,https://ror.org/00f2txz25,1.0,marple,
Capital University of Economics and Business,https://ror.org/01r5sf951,https://ror.org/01r5sf951,1.0,marple,
Research Institute of Changchun University of Science and Technology in Chongqing,https://ror.org/007mntk44,https://ror.org/007mntk44,1.0,marple,
Zoller and Frï¿½hlich GmbH,,,,no_match,Zoller and Frï ¿ ½hlich GmbH
PWGP Labs,,,,no_match,PWGP Labs
Sun Yat Sen University,https://ror.org/0064kty71,,,no_match,Sun Yat Sen University
Jiangxi Agricultural University,https://ror.org/00dc7s858,https://ror.org/00dc7s858,1.0,marple,
University of Nottingham Malaysia,https://ror.org/04mz9mt17,https://ror.org/04mz9mt17,0.92,crf_fallback,University of Nottingham Malaysia
Shanxi Xinhua Chemical Defense Equipment Research Institute Co,,,,no_match,Shanxi Xinhua Chemical Defense Equipment Research Institute Co
AboCom Systems,,,,no_match,AboCom Systems
Universidade de Sao Paulo,https://ror.org/036rp1748,https://ror.org/036rp1748,1.0,marple,
Empa,https://ror.org/02x681a42,,,no_match,Empa
"""portland press""",https://ror.org/03200rt26,https://ror.org/03200rt26,1.0,marple,
Al-Zaytoonah University of Jordan,https://ror.org/04a5b0p13,https://ror.org/04a5b0p13,1.0,marple,
CIC nanoGUNE BRTA,https://ror.org/023ke8y90,https://ror.org/023ke8y90,1.0,marple,
Research Triangle Institute,https://ror.org/052tfza37,https://ror.org/052tfza37,1.0,marple,
State Key Laboratory for Integrated Automation of Process Industry,,,,no_match,State Key Laboratory for Integrated Automation of Process Industry
SOAS University of London,https://ror.org/04vrxay34,https://ror.org/04vrxay34,1.0,marple,
The American University,https://ror.org/052w4zt36,https://ror.org/052w4zt36,1.0,crf_fallback,The American University
Universidade do Estado do Pará,https://ror.org/042r36z33,https://ror.org/042r36z33,1.0,marple,
"Division of Infectious Diseases, Medicine Baltimore, Johns Hopkins University, Baltimore, Maryland, USA United States of America",https://ror.org/00za53h95,https://ror.org/00za53h95,1.0,marple,
Saxon State Library -  State and University Library Dresden - Qucosa the Saxon document and publication server,https://ror.org/03wf51b65,https://ror.org/019ryn279,1.0,marple,
Department Of Psychology - University Of Bath,https://ror.org/002h8g185,https://ror.org/002h8g185,1.0,marple,
Jiangxi Province Optical Module and Lens Product Quality Supervision and Inspection Center,,,,no_match,Jiangxi Province Optical Module and Lens Product Quality Supervision and Inspection Center
 University of California – San Francisco,https://ror.org/043mz5j54,,,no_match,University of California – San Francisco
Chinese University of Hong Kong,https://ror.org/00t33hh48,https://ror.org/00t33hh48,1.0,marple,
Beijing SIO Technology Co,,,,no_match,Beijing SIO Technology Co
Fuhuang Agile Device,,,,no_match,Fuhuang Agile Device
Beijing Key Laboratory of THz Spectroscopy and Imaging,,,,no_match,Beijing Key Laboratory of THz Spectroscopy and Imaging
cambridge university,https://ror.org/013meh722,https://ror.org/013meh722,1.0,marple,
"Professor i sosiologi, UiO",,,,no_match,Professor i sosiologi
"Massachusetts Institute of Technology, Cambridge  MA",https://ror.org/042nb2s44,https://ror.org/042nb2s44,1.0,marple,
University of Gondar,https://ror.org/0595gz585,https://ror.org/0595gz585,1.0,marple,
University of Trás os Montes e Alto Douro,https://ror.org/03qc8vh97,https://ror.org/03qc8vh97,0.93,crf_fallback,University of Trás os Montes e Alto Douro
DynXlab Center for 4D Quantitative X ray Imaging and Analysis,,,,no_match,DynXlab Center for 4 D Quantitative X ray Imaging and Analysis
Ministry of Public Security Information and Communication Center,,https://ror.org/00r7b5207,1.0,marple,
United States Environmental Protection Agency,https://ror.org/03tns0030,https://ror.org/03tns0030,1.0,crf_fallback,United States Environmental Protection Agency
"Institute for systems and computer engineering technology and science, HUMANISE",https://ror.org/05fa8ka61,https://ror.org/05fa8ka61,1.0,marple,
Institute of ICT Technology,,,,no_match,Institute of ICT Technology
Tomas Bata University in Zlin,https://ror.org/04nayfw11,https://ror.org/04nayfw11,1.0,marple,
University Center of Exact Sciences and Engineering  CUCEI,https://ror.org/01kc31v38,https://ror.org/01kc31v38,1.0,crf_fallback,University Center of Exact Sciences and Engineering CUCEI
Queen Mary University of London School of Business and Management,https://ror.org/026zzn846,,,no_match,Queen Mary University of London School of Business and Management
Space & Airborne Systems,,,,no_match,Space & Airborne Systems
Consejo Nacional de Investigaciones Científicas y TécnicasUniversidad Nacional de Tucumán,https://ror.org/04chzd762,,,no_match,Consejo Nacional de Investigaciones Científicas y TécnicasUniversidad Nacional de Tucumán
Punjab Institute of Nuclear Medicine Hospital,,,,no_match,Punjab Institute of Nuclear Medicine Hospital
AEDC White Oak,,,,no_match,AEDC White Oak
Loews Corporation Norfolk Island,,,,no_match,Loews Corporation Norfolk Island
Louisiana-Pacific Corporation Congo,https://ror.org/00wkyd235,,,no_match,Louisiana - Pacific Corporation Congo
"Neuroscience Center Zurich, University and ETH Zürich, Zürich, Switzerland",https://ror.org/05a28rw58,https://ror.org/05a28rw58,1.0,marple,
Foamex International Inc Tonga,,,,no_match,Foamex International Inc Tonga
Public University of Navarre  UPNA,https://ror.org/02z0cah89,https://ror.org/02z0cah89,1.0,marple,
Guoxin YU,,,,no_match,Guoxin YU
Guangdong Provincial Key Laboratory of Advanced Display for Active Matrix Mini LED,,,,no_match,Guangdong Provincial Key Laboratory of Advanced Display for Active Matrix Mini LED
Guangxi Colleges and Universities Key Laboratory of Microwave Communication and MicroNano Photoelectric Technology,,,,no_match,Guangxi Colleges and Universities Key Laboratory of Microwave Communication and MicroNano Photoelectric Technology
University of Brasília UnB,https://ror.org/02xfp8v59,https://ror.org/02xfp8v59,1.0,marple,
MTU Aero Engines AG,https://ror.org/00bxsm637,https://ror.org/00bxsm637,0.91,crf_fallback,MTU Aero Engines AG
5820 University Avenue Halifax,,,,no_match,5820 University Avenue Halifax
Jincheng Research Institute of Opto Mechatronics Industry,,,,no_match,Jincheng Research Institute of Opto Mechatronics Industry
Engineering Technology Research Center of Spectral and Imaging Instruments,,,,no_match,Engineering Technology Research Center of Spectral and Imaging Instruments
Laboratoire de Physique,,,,no_match,Laboratoire de Physique
Universida Dist,,,,no_match,Universida Dist
Advantest  China  Co,,,,no_match,Advantest China Co
Commonwealth Scientific and Industrial Research Organization  CSIRO  Manufacturing,https://ror.org/03qn8fb07,https://ror.org/04sx9wp33,1.0,marple,
Rosenberger Hochfrequenztechnik GmbH & Co KG,https://ror.org/010t6g940,https://ror.org/010t6g940,1.0,marple,
"""kadmon corporation united states""",,,,no_match,""" kadmon corporation united states """
UNIVERSITY OF JOHANNESBURG SOUTH AFRICA,https://ror.org/04z6c2n17,https://ror.org/04z6c2n17,1.0,marple,
Universidade do Vale do Rio dos Sinos (Unisinos),https://ror.org/05ctmmy43,https://ror.org/05ctmmy43,1.0,marple,
Dongguan Xinda Institute of Integrated Innovation,,,,no_match,Dongguan Xinda Institute of Integrated Innovation
test,,,,no_match,test
Present addressActive Fiber Systems GmbH,https://ror.org/05kmgyb17,,,no_match,Present addressActive Fiber Systems GmbH
Department of Physics and Quantum Photonics Institute,,,,no_match,Department of Physics and Quantum Photonics Institute
RWTH Aachen University TOS—Chair for Technology of Optical Systems,https://ror.org/04xfq0f34,https://ror.org/04xfq0f34,1.0,marple,
Nanjing Medical University,https://ror.org/059gcgy73,https://ror.org/059gcgy73,1.0,marple,
The National Key Research and Development Program of China,,,,no_match,The National Key Research and Development Program of China
Johannes Kepler Universität Linz 4040 Linz,https://ror.org/052r2xn60,https://ror.org/052r2xn60,1.0,marple,
Synthetic Organic Chemistry Laboratories,,,,no_match,Synthetic Organic Chemistry Laboratories
Science and Technology on Reactor Fuel and Materials Laboratory,,,,no_match,Science and Technology on Reactor Fuel and Materials Laboratory
Université de Lille des Sciences et Technologies,https://ror.org/02kzqn938,https://ror.org/02kzqn938,1.0,marple,
Cuza Romania,https://ror.org/022kvet57,,,no_match,"Cuza, Romania"
Information and Bioengineering   Politecnico di Milano,https://ror.org/01nffqt88,https://ror.org/01nffqt88,1.0,marple,
John Atanasoff Center for Bio and Nano Photonics  JAC BNP,,,,no_match,John Atanasoff Center for Bio and Nano Photonics JAC BNP
"Louisiana State University Health Sciences Center Shreveport Health Sciences Library, Shreveport 71103-4228 United States United States of America",https://ror.org/03151rh82,https://ror.org/03151rh82,1.0,marple,
Noctylio SAS,,,,no_match,Noctylio SAS
"Shiraz University of Medical Sciences, Shiraz",https://ror.org/01n3s4692,https://ror.org/01n3s4692,1.0,marple,
SEP-Cinvestav Research Support Fund,,,,no_match,SEP - Cinvestav Research Support Fund
Beijing Zhongke Import And Export Company,,,,no_match,Beijing Zhongke Import And Export Company
"Fuyang People's Hospital, Fuyang 236000,China China",https://ror.org/00p1jee13,https://ror.org/00p1jee13,0.91,crf_fallback,"Fuyang People ' s Hospital, China China"
Jacques Cartier Private Hospital,https://ror.org/04qyzam39,https://ror.org/04qyzam39,0.95,crf_fallback,Jacques Cartier Private Hospital
CIMMYT Kenya,https://ror.org/055w89263,,,no_match,"CIMMYT, Kenya"
BellSouth Corporation,,,,no_match,BellSouth Corporation
CNR IFN UOS BARI,,,,no_match,CNR IFN UOS BARI
Currently with theKavli Institute for Nanoscience Discovery,,,,no_match,Currently with theKavli Institute for Nanoscience Discovery
e Society  RFTONICS,,,,no_match,e Society RFTONICS
Zhejiang University,https://ror.org/00a2xv884,https://ror.org/00a2xv884,1.0,marple,
Current affilliationInstitute for Quantum Electronics,,,,no_match,Current affilliationInstitute for Quantum Electronics
GenesisCare Adelaide,,,,no_match,GenesisCare Adelaide
"Arizona State University, Tempe, AZ",https://ror.org/03efmqc40,https://ror.org/03efmqc40,1.0,marple,
Xian Institute of Optics and Precision Mechanics Chinese Academy of Sciences,https://ror.org/0444j5556,https://ror.org/034t30j35,1.0,marple,
Fujian Normal University,https://ror.org/020azk594,https://ror.org/020azk594,1.0,marple,
